NSAID,PGC,distance,r,i,z,I,K,vhelio,vhelio_err
129461,5222,24,9.89079,9.45754,9.12691,,7.134,2379.43,230
143906,49044,31.2,11.3435,10.9702,10.6771,,7.155,2074.87,120
130902,7525,33.3,10.8225,10.4196,10.1384,9.22,7.171,2589.29,207.5
136847,29814,23.7,11.1486,10.7474,10.4464,9.15,7.199,1561.9,137.5
78244,,20.7129,12.8875,12.4641,12.2356,,7.253,1430.41,127.5
78246,,20.7476,12.3973,12.1554,12.1298,,7.253,1432.8,127.5
141139,39659,31.6,10.8827,10.4697,10.1747,10.3,7.257,2299.79,127.5
136420,29050,25.8,12.474,12.0004,11.6153,9.5,7.258,1398.31,162.5
158036,29855,23.7,11.4273,10.9222,10.5213,8.22,7.272,1457.37,142.5
129865,5663,20.1,10.4886,10.1704,9.83388,9.37,7.289,1627.19,127.5
133005,11404,38,11.9748,11.6039,11.2637,,7.373,1692.28,142.5
17878,51233,23.5,10.7446,10.3844,10.1334,10.25,7.38,1703.18,120
145756,53643,32.2,11.1231,10.7039,10.4319,,7.393,2003.85,120
172734,42797,21,10.734,10.3772,10.1218,9.65,7.402,1473.41,142.5
137020,30083,26.4,11.3452,10.9119,10.5464,11.38,7.448,1555.78,132.5
148065,60459,25.9,11.4854,11.102,10.8557,,7.484,1703.39,112.5
140394,37258,23.2,11.3292,10.9044,10.6279,,7.516,1610.67,182.5
160904,37930,23.2,10.6913,10.2802,9.99413,,7.554,1855.57,165
165896,53862,26.2,11.7217,11.2978,10.977,10.12,7.562,1509.42,127.5
164224,49514,30.9,10.7479,10.3823,10.0584,11.43,7.609,2565.94,120
56483,49356,30.9,11.0108,10.5401,10.194,,7.621,2419.57,120
144021,49354,37.9584,11.1026,10.6346,10.7586,,7.625,2613.14,120
21709,71047,32.7,11.5281,11.1405,10.8741,10.5,7.627,2047.52,145
137223,30445,26.4,11.538,11.2381,10.7418,,7.631,1446.09,135
140303,36921,22.1,11.0232,10.6329,10.3611,9.49,7.648,1491.63,175
145729,53499,21,11.2597,10.8012,10.4095,9.49,7.693,1968.95,120
14373,44392,24.3,12.7904,12.2712,11.8738,10.78,7.787,1260.07,157.5
164865,51275,25.5,11.4657,11.1082,10.854,,7.816,1616.07,122.5
75467,,21.2259,12.8624,12.4685,12.1526,,7.826,1465.76,125
158347,30744,20.9,10.8797,10.4979,10.2043,10.37,7.853,1652.21,130
43117,51978,38.9,11.8779,11.4948,11.2333,10.28,7.903,2247.4,115
139121,34566,21.4,10.4955,10.1616,9.89873,,7.904,2099.02,135
142722,44600,27.8,11.3049,10.886,10.5694,9.93,7.907,2081.47,135
141177,39801,24.4,10.335,9.98954,9.57377,,7.932,2725.69,155
154352,5766,21.8,11.2947,10.9163,10.6944,9.88,7.962,1694.87,130
137045,30099,34,12.1402,24.6606,11.5238,,7.967,1668.4,130
138201,32533,25.2,11.34,10.9421,10.6488,9.87,7.972,1678.94,127.5
139134,34583,29.1,11.2489,10.886,10.6152,,7.999,2347.59,110
149973,69342,23,11.8827,11.6667,11.2554,9.77,7.999,1185.92,107.5
135879,26649,29.6,11.7343,11.3646,11.0719,,8.032,1918.18,130
133273,12174,38.9392,11.4072,11.022,10.7693,,8.038,2680.25,170
144846,51104,36,11.5993,11.2035,10.9064,,8.078,3079.65,107.5
15340,53979,26.2,10.7684,10.3425,10.1223,10.68,8.084,2455.18,112.5
159561,34433,22.9,11.7014,11.2994,11.0672,,8.089,1362.53,130
145840,,29.2286,12.3119,12.0411,12.035,,8.104,2015.29,120
158643,31883,21.4,11.4571,11.1032,10.8822,10.66,8.12,1536.87,130
166335,55674,43.7,11.6482,11.2466,10.9712,,8.145,2921.54,127.5
146317,55725,43.7,11.8662,11.4813,11.2395,9.92,8.147,2567.76,117.5
150578,70419,31.5,11.4287,11.0382,10.7815,9.89,8.162,2309.25,155
35201,50782,21.7,12.4292,12.0473,11.797,11.05,8.167,1958.09,125
35200,50782,21.7,11.8717,11.517,11.2006,11.05,8.167,1855.23,127.5
141112,39568,40.2,11.9228,11.4373,11.0793,,8.236,2694.47,110
165082,51787,26.3,11.8913,11.5068,11.2251,,8.241,1727.04,117.5
159789,35088,23.7,11.3099,10.9588,10.7072,10.21,8.252,1930.82,147.5
138642,33371,26.1,11.0781,10.8999,10.649,,8.264,1771.38,130
100619,33371,26.1,13.0829,12.845,12.9315,,8.264,1711.62,130
165153,51932,27.9,11.5729,11.1943,10.9161,10.7,8.277,2149.51,115
133141,11638,35.8,11.5644,11.1831,10.8935,10.31,8.31,2664.59,135
150887,70795,33.9,11.7853,11.4335,11.1126,10.57,8.327,2566.16,142.5
136043,27777,20.6,12.7604,12.5974,12.4507,10.27,8.348,1618.49,135
136042,27777,20.6,11.7618,11.4297,11.1738,10.27,8.348,1626.43,132.5
144121,49563,28,11.3491,10.9628,10.6948,10.06,8.352,2014.54,120
164491,50191,26.8,11.7296,11.2695,11.013,,8.354,2224.95,115
143863,48860,29.8,11.635,11.2547,10.9662,,8.356,2295.13,110
28072,2.80235e+06,29.9079,16.6777,16.4356,16.1618,15.97,8.362,2061.94,120
129431,5193,26.9,11.7471,11.4542,11.2506,10.5,8.364,2112.38,222.5
154180,5193,26.9,11.9851,11.5675,11.2769,10.5,8.364,2132.05,225
132368,10060,38.0296,11.9653,11.5294,11.2094,10.38,8.366,2618.01,142.5
159488,34232,33,11.8151,11.4275,11.1352,11.08,8.372,2372.37,107.5
138648,33390,20.9,11.7978,11.4449,11.2866,,8.375,1263.12,142.5
88140,31428,24,13.3431,13.1566,13.007,10.47,8.376,1769.58,132.5
158541,31428,24,11.7166,11.3838,11.1414,10.47,8.376,1856.24,127.5
145314,52154,38.9,12.2998,11.8755,11.5577,,8.386,2288.85,115
67215,39389,31.5,11.782,11.3663,11.0609,,8.389,2323.93,127.5
169528,72263,20.7,11.0197,10.7468,10.487,10.33,8.394,1539.04,140
53145,50369,25.9,11.4379,11.0245,10.7478,10.93,8.396,2152.79,117.5
126115,279,28.6,12.2847,11.8335,11.4757,10.65,8.4,2251.1,190
27641,37999,23.2,11.8259,11.5044,11.2306,11.02,8.408,1546.76,182.5
165875,53770,27.2,11.8535,11.4786,11.1983,11.04,8.416,1724.78,120
159897,35326,44.7246,12.4804,12.3618,12.0647,,8.416,3075.37,117.5
85513,27800,20.6,11.7141,11.1407,10.733,10.95,8.424,1807.3,127.5
66490,38890,30.9,11.24,10.8803,10.6063,11.03,8.424,2352.65,127.5
155418,11617,24.2,10.7156,10.6577,9.3374,10.65,8.427,2890.01,212.5
130133,6110,29.8,12.0975,11.6835,11.4213,10.28,8.428,1682.82,130
15333,53578,26.2,11.959,11.5805,11.2944,10.86,8.431,1496.97,130
163956,48767,30.9,11.8807,11.3767,10.9891,11.43,8.434,2580.68,117.5
128381,3768,32,12.1305,11.7167,11.4645,10.53,8.434,2198.48,200
156904,24784,22.7,12.2713,11.8333,11.4871,11.38,8.441,1552.54,155
66517,40105,23.1811,11.9835,11.5621,11.2695,11.34,8.455,1600.01,127.5
164995,51564,27.8,11.46,11.1015,10.8494,,8.459,2207.66,115
161632,40179,31.5,12.2365,11.8725,11.6039,11.21,8.473,1803.84,130
139448,35268,21,11.9006,11.6218,11.4435,,8.479,1391.21,125
146330,55740,43.4961,11.8107,11.3714,11.0663,10.35,8.491,2991.62,130
141315,40490,31.5,11.4354,11.1096,10.7403,10.27,8.504,2588.48,140
67650,50942,36,12.2983,11.7936,11.3886,11.75,8.511,2839.68,112.5
166313,55588,25.5,11.6149,11.2729,10.9977,10.53,8.514,1942.37,137.5
137733,31497,26.4,11.8561,11.5325,11.2796,,8.514,1588.59,130
144759,,42.2126,19.6294,19.6231,19.5325,,8.515,2904.12,107.5
141863,42476,37.3,12.2332,11.8474,11.5778,10.67,8.53,2603.76,150
30828,39656,31.5,12.1738,11.7903,11.5298,11.33,8.53,1897.92,127.5
144151,49618,30.9,11.7708,11.4396,11.1645,10.53,8.534,2350.63,120
133115,11527,33.1,11.4085,11.0092,10.7482,10.52,8.536,2637.75,140
129144,4801,26.9,11.4158,11.0389,10.7049,10.26,8.543,2191.08,232.5
130040,5897,23.2,11.6374,11.2583,10.9609,10.5,8.544,1670.46,130
149982,69364,22.9,12.9611,12.5427,12.1719,10.91,8.549,1289.1,110
137219,30440,23.5,11.6214,11.1913,10.874,,8.562,1440.8,137.5
134449,20458,30.3,11.3859,11.0104,10.7407,10.36,8.564,2499.16,165
139161,34641,25.9,11.3124,10.8929,10.6084,,8.569,1957.87,157.5
34815,34641,25.9,12.4192,13.0767,12.0175,,8.569,1581.01,180
166035,54428,43.5,12.4901,12.0706,11.7721,10.7,8.573,2559.1,140
150216,69847,42.0402,11.9385,11.5253,11.2135,10.98,8.594,2892.37,140
67248,39328,31.5,11.9014,11.4507,11.1391,11.28,8.6,2599.92,137.5
144113,49548,30.9965,12.1359,11.6961,11.3859,,8.608,2136.69,115
169525,72260,20.7,11.7653,11.4601,11.2272,10.65,8.612,1494.18,135
56482,49347,30.9,10.7518,10.3826,10.1876,10.82,8.618,2376.86,122.5
158734,32183,22.6,12.3068,12.0601,11.8895,11.45,8.618,1279.44,165
157374,27635,33.6,12.0615,11.6488,11.3806,,8.646,2148.39,135
146933,57924,20.5,11.5646,11.2244,10.9855,10.35,8.647,1624.19,107.5
135440,24464,32.9733,12.0516,11.648,11.3568,10.61,8.649,2272.06,177.5
147100,58470,30.3,11.9029,11.5862,11.3325,10.69,8.65,2379.06,150
147103,58477,23,11.22,11.0598,10.8307,,8.661,1681.63,132.5
159868,35249,25.9,12.3136,11.8747,11.4699,11.23,8.661,2095.54,132.5
157278,26939,21.9,11.6293,11.28,11.0101,11.15,8.665,1872.54,165
169439,72001,21.2,11.5563,11.2354,11.0122,10.63,8.67,1859.83,135
130455,6690,43.5782,12.3037,11.7186,11.3835,,8.671,2997.22,122.5
140301,36914,22.5,11.2613,10.9092,10.662,10.41,8.693,1960.17,140
165956,54111,26.2,12.1427,11.7848,11.5418,11.33,8.696,1868.91,120
130470,6719,30.6,11.1816,10.7665,10.4591,,8.704,2968.87,130
73866,26733,40,11.732,11.3122,11.0285,,8.713,3372.72,142.5
145879,54119,24.9,11.6819,11.2989,11.0291,10.78,8.714,2092.5,120
130625,6993,21,11.5047,11.187,10.853,,8.726,1576.82,137.5
116557,28485,23.8,12.4361,12.0886,11.8057,10.97,8.726,1654.98,135
162294,42741,22,12.3613,11.9956,11.7667,10.56,8.737,1236.45,142.5
140827,38555,33,11.98,11.619,11.3089,,8.74,2537.13,107.5
23949,9549,23.1,12.8327,12.4423,12.1589,11.79,8.74,1275.33,117.5
13927,38031,22.8,11.4405,11.0038,10.6598,10.98,8.743,2046.1,122.5
140458,37483,31.3,11.8111,11.4219,11.0421,10.69,8.752,2493.18,125
163136,45795,40.2,12.4516,12.0651,11.8238,11.1,8.757,2603.09,110
144262,49874,26.8,11.9316,11.4774,11.1859,,8.757,2091.95,120
160192,35931,22.1,11.8006,11.4919,11.2719,10.96,8.775,1627.51,172.5
67251,39384,33.9,12.4008,12.023,11.615,11.36,8.776,2335.94,127.5
69028,50031,30.5,11.9141,11.4969,11.2006,11.28,8.789,2198.47,117.5
157053,25640,22.7,12.0815,11.7659,11.5907,10.73,8.794,1510.88,160
137460,30895,21.8,11.7632,11.3918,11.1079,10.71,8.795,1652.25,130
145846,54013,26.2,12.1211,11.8156,11.6015,,8.797,1804.42,117.5
130508,6793,30.6,11.6717,11.2784,11.0336,10.59,8.797,2848.09,162.5
129533,5264,26.2,11.8124,11.3557,11.035,11.1,8.801,2342.07,230
166330,55665,29.8,12.4115,12.0917,11.8682,10.5,8.801,1930.31,130
56409,49069,30.9,11.941,11.5642,11.2688,11.28,8.817,2563.57,117.5
149354,67379,24,12.7343,12.5373,12.4007,,8.818,1615.31,137.5
112047,34935,21,11.7804,11.5516,11.3612,11.76,8.82,1681,127.5
154089,4777,26.9,11.8843,11.5418,11.2587,10.82,8.825,2274.38,235
139189,34698,26.9,12.5286,12.1559,11.8802,,8.828,1657.37,132.5
150476,70264,23.9,11.8625,11.514,11.276,,8.83,1908.72,167.5
139210,34731,23.7,11.3126,10.9996,10.7181,10.65,8.839,1915.4,150
41675,37520,20.5,12.0995,11.8437,11.6291,11.12,8.845,1415.19,170
32,27723,30,11.8599,11.6003,11.4257,10.53,8.848,2082.19,132.5
140065,36266,22.9,12.0813,11.7942,11.5823,10.66,8.857,1711.84,137.5
169066,71133,22,12.4208,12.1169,11.8344,10.87,8.865,1485.19,130
110991,32648,26.1,12.7641,12.4709,12.1892,11.22,8.871,1521.93,127.5
143951,49157,30.9,11.7627,11.3659,11.0678,10.37,8.878,2546.05,120
143856,48815,30.9,12.1211,11.741,11.4714,,8.886,2481.95,117.5
90222,32614,25.7,11.9221,11.6225,11.4159,10.66,8.888,1932.6,130
142509,43939,38,12.4025,12.0926,11.8427,11.32,8.888,2524.7,110
142511,214037,35.0538,17.1802,17.0572,17.1689,,8.892,2414.41,117.5
146486,56337,26.7,12.1816,11.8004,11.5297,10.91,8.898,1876.27,115
85746,28805,20.6,12.1119,11.7785,11.4781,11.27,8.899,1742.31,127.5
3469,40284,29.2,12.6799,12.2696,11.9449,11.64,8.899,2068.29,132.5
137625,31166,21.8,11.6936,11.3355,11.1011,,8.917,1692.22,130
69272,55080,32.2,12.5091,12.1149,11.7287,10.43,8.93,2621.96,142.5
144911,51251,28.4,12.6616,12.2938,12.0228,,8.931,1583.43,130
163975,48816,20.2,11.9617,11.5808,11.3082,11.39,8.939,1771.41,132.5
69355,55076,32.2,12.8151,12.4629,12.1707,12.61,8.939,2475.18,137.5
162580,43998,40.3162,12.3928,11.9491,11.7613,11.39,8.944,2774.46,137.5
145245,51955,38.9,12.6247,12.125,11.7665,,8.944,2479.13,120
145297,52116,27.9,12.5385,12.1539,11.8548,,8.95,2295.62,115
149686,68442,20.162,12.8404,12.4787,12.1707,11.12,8.955,1392.45,117.5
142519,93119,35.6018,13.6342,13.276,13.0468,13.68,8.956,2451.9,127.5
67255,40251,23.4,13.2228,12.7483,12.3834,11.34,8.957,1192.97,160
159692,34889,25.9,12.3602,12.0262,11.7326,11.49,8.969,1980.32,152.5
132791,11118,31.2173,12.6477,12.2945,12.0179,,8.972,2151.85,250
147606,59426,39.6995,12.4484,12.061,11.7529,,8.972,2732.26,125
164374,49881,42,12.5795,12.2225,11.8748,11.34,8.977,3023.7,112.5
144265,49881,42,13.1448,13.3746,13.2744,11.34,8.977,2990.96,112.5
145967,54429,28,12.0569,11.8247,11.7074,10.2,8.978,1997.88,122.5
146210,55281,21,11.0988,10.8702,10.6364,11.25,8.981,2599.17,105
159834,35193,21,12.2815,11.9327,11.7067,11.19,8.994,1453.82,125
150440,70213,26.5,11.6967,11.4766,11.2862,10.84,8.994,2115.22,165
67287,39412,33.224,12.2189,11.8288,11.5815,11.34,9.016,2289.22,127.5
135808,26232,25,12.1438,11.9149,11.5794,13.83,9.02,1948.68,132.5
155336,11230,43.3553,12.4333,12.0453,11.7359,,9.03,2982.02,152.5
160302,36138,37.5,12.0577,11.7112,11.5488,11.88,9.032,2604.96,110
135038,23498,27.3,12.1628,11.7522,11.4375,,9.035,2178.71,160
138221,32584,26.1,13.0377,12.6428,12.2875,12.61,9.035,1770.18,132.5
141153,39718,31.5,12.1844,11.8334,11.5799,,9.037,2402.92,130
164414,49993,30.121,12.6574,12.2544,11.9727,11.71,9.037,2076.57,120
35664,54761,26.2,12.4,11.9786,11.6873,12.24,9.038,2023.1,117.5
141465,41083,30,11.7446,11.3471,11.0718,10.85,9.038,2456.91,142.5
149826,68870,24.3,11.9558,11.6012,11.341,10.98,9.04,1732.69,152.5
165980,54234,35.8,12.7518,12.3034,11.9553,11.94,9.046,2543.28,112.5
52773,44025,37,12.321,11.965,11.705,11.39,9.047,2667.23,112.5
141011,39251,31.5,12.2824,11.9225,11.6771,,9.06,2132.55,127.5
132446,10272,21.7,12.7959,12.411,12.0818,10.54,9.067,1343.5,115
161987,41621,39.0569,12.6562,12.2548,11.9547,11.68,9.08,2688.3,112.5
19303,39266,24.6341,12.1145,11.759,11.5223,11.68,9.087,1699.79,177.5
133355,12626,24.1,11.3296,11.124,10.9784,10.61,9.088,2173.32,187.5
136430,29067,26.4,12.765,12.4183,12.1491,,9.092,1670.05,130
135916,26932,33.9643,12.9174,12.484,12.4212,11.1,9.092,2339.87,145
145814,53901,25.9,13.1467,12.7497,12.4486,11.27,9.093,1578.64,122.5
28104,49489,29.8,12.2744,11.9008,11.6568,11.54,9.094,2307.7,110
135594,25248,30.9,12.457,12.1166,11.8451,11.02,9.096,2020.15,140
157300,27074,33.6,12.5587,12.1826,11.91,11.79,9.096,2333.6,145
67221,38964,31.5,12.7211,12.3306,11.9998,11.81,9.102,2325.43,127.5
161509,39738,31.5,11.967,11.7653,11.561,10.9,9.107,2427.04,132.5
135943,,36.7047,17.8218,17.5555,17.5465,,9.113,2527.37,142.5
135129,23701,25.7,12.1455,11.7545,11.4283,,9.113,2167.29,152.5
67593,49820,37,12.992,12.488,12.1243,12.33,9.116,2730.79,115
159756,35003,32.8019,11.9432,11.538,11.2955,,9.121,2260.34,122.5
157091,25946,36,11.9487,11.6642,11.4679,11.7,9.126,2796.08,117.5
129387,5139,28.4,11.9372,11.7613,11.4614,10.8,9.131,2588.26,215
149781,68743,39.4569,12.7398,12.3512,12.0536,10.73,9.131,2715.67,130
108448,30059,26.4,12.6668,12.3009,12.0468,11.94,9.136,1526.34,132.5
166278,55480,25.5,12.406,12.0982,11.8772,,9.142,1938.38,135
134737,22292,36.1973,12.671,12.2906,12.0092,11.3,9.144,2492.65,205
162229,42516,26.0712,12.5374,12.1947,11.9952,11.62,9.158,1798.48,130
149342,67347,36,11.7953,11.5675,11.4807,,9.173,2669.44,140
157480,28357,20.6,12.1801,11.8693,11.6192,11.16,9.173,1813.8,125
41075,33964,38,12.3097,11.9586,11.7054,11.5,9.178,2945.66,117.5
139467,35294,41.7,12.7263,12.3878,12.1383,11.24,9.182,2765.04,120
145804,53865,22.6,12.6379,12.2741,11.9746,11.26,9.183,1389.89,137.5
160524,36669,43.7488,12.9001,12.4868,12.186,12.02,9.185,3008.85,217.5
155204,10507,27.5,11.6764,11.3356,11.1098,11.32,9.185,2671.87,140
171640,3.16644e+06,22.8177,12.6228,12.5486,12.4371,,9.19,1575.07,127.5
148382,61713,38.0528,12.9965,12.6417,12.361,,9.194,2619.6,162.5
145806,,25.8645,20.5606,20.3822,20.8926,,9.202,1784.28,120
161812,40886,22.5,12.8798,12.5734,12.2782,,9.203,1268.96,147.5
163652,47603,42.2401,12.8123,12.3978,12.1021,11.83,9.205,2906,112.5
165707,53043,27.9,12.7001,12.176,11.8192,12.64,9.206,2322.07,107.5
130496,6778,21,12.9316,12.5577,12.2429,11.18,9.209,1424.15,130
155420,11670,44.8534,12.6035,12.1891,11.9836,11.82,9.21,3084.15,145
108436,30010,26.4,12.9702,12.639,12.3207,11.85,9.221,1570.67,130
133144,11643,24.2,11.9426,11.6486,11.5032,11.09,9.224,2870.07,217.5
19308,40133,24.7,11.5872,11.1444,10.8069,11.6,9.226,2872.97,112.5
150307,70025,35,12.519,12.1003,11.8113,11.18,9.229,2731.62,137.5
94217,49604,30.6,11.7861,11.41,11.1599,11.83,9.237,2400.01,142.5
169881,40119,23.4,13.4363,12.9936,12.6302,12,9.238,1442.15,135
56469,49011,38.5941,12.1529,11.7251,11.4664,11.81,9.243,2656.64,117.5
140259,36789,37.5,12.5816,12.279,12.0293,11.81,9.247,2606.72,112.5
169908,41061,26.1077,12.5917,12.2348,11.9668,11.57,9.248,1800.98,132.5
144058,49412,37.4626,12.4916,12.128,11.8576,11.19,9.254,2579.22,115
139050,34326,20.3,12.538,12.2122,11.9819,,9.264,1121.28,167.5
155970,4.68208e+06,37.8621,12.7335,11.8388,11.1606,,9.269,2606.55,130
159747,34989,37,12.5612,12.1512,11.8429,15.03,9.27,2965.33,117.5
139431,35224,21,12.4849,12.1039,12.0177,10.94,9.271,1396.96,127.5
142228,43029,43.4186,12.4856,12.0736,11.8409,11.2,9.273,2986.33,152.5
132366,10051,24.7,14.195,14.0079,13.8359,,9.289,958.42,100
161533,39859,37,12.0244,11.6703,11.4029,11.89,9.292,3085.73,110
129458,5218,41.5,13.1228,12.656,12.2955,11.65,9.293,2898.78,172.5
149507,90402,36,11.9713,11.5863,11.5366,,9.294,2780.11,132.5
61945,71883,35,12.1003,11.7176,11.4204,11.65,9.3,2410.08,155
134212,17319,29,12.0789,11.7454,11.5036,11.38,9.303,2692.97,130
159895,35314,28.4,12.8372,12.4385,12.1362,11.77,9.306,1850.06,125
139446,35266,23.2,12.1132,11.7764,11.4897,,9.307,1924.5,162.5
135296,24111,36.3,12.798,12.5052,12.3226,11.21,9.312,2273.87,150
161255,39040,32.5,12.4685,12.1033,11.8653,11.57,9.314,2509.84,122.5
151138,214939,39.8641,16.9658,16.7394,16.6821,15.48,9.315,2743.52,152.5
135464,24528,28.4555,12.9825,12.5444,12.3354,,9.32,1962.21,142.5
138375,32854,27,12.428,12.0543,11.7819,,9.327,2182.47,122.5
140004,36158,40,12.54,12.2344,11.9299,12.95,9.33,2744.12,112.5
56330,46934,23.9,13.3495,12.8984,12.4815,12.04,9.33,1498.06,142.5
128959,4524,30.3,13.2704,12.9414,12.6825,,9.33,1646.68,132.5
132339,9988,33,12.2911,11.9912,11.7401,11.06,9.334,2575.58,147.5
88792,36160,36,12.7444,12.3125,11.9696,13.47,9.336,2807.62,112.5
144147,49605,44.1886,12.6223,12.2436,11.9202,,9.342,3038.83,107.5
146838,57582,28.7,13.3613,12.9267,12.5838,11.74,9.344,1970.57,112.5
145188,51831,44.3343,12.7101,12.3657,12.0864,11.6,9.345,3048.76,107.5
153017,73163,28.6,12.1139,11.8417,11.6386,,9.348,2367.83,182.5
140895,38851,42.5,12.7666,12.507,12.3244,11.19,9.353,2614.98,107.5
23271,8232,27,14.6685,14.3822,14.2016,11.83,9.365,1891.96,160
131310,8232,27,13.6055,13.1814,12.8276,11.83,9.365,1779.44,147.5
164129,49236,32,12.755,12.6026,12.7309,,9.365,3094.76,207.5
143975,49236,32,12.2936,19.5765,11.6987,,9.365,2889.1,140
133549,13646,22.9,12.5728,12.1255,11.7669,11.8,9.367,2220.88,185
144521,50331,30.5,12.1014,11.7189,11.4369,,9.377,2302.12,115
129237,4948,33.3,13.3557,12.8451,12.3967,12.24,9.38,2679.44,197.5
165091,51795,38.9,12.4975,12.2656,12.1313,,9.383,2413.79,117.5
159832,35191,34.9334,12.9246,12.5298,12.2323,,9.388,2406.17,110
155005,8974,28,11.9537,11.6648,11.4846,10.93,9.396,2200.49,187.5
164921,51422,28,12.1625,11.9844,11.8161,,9.398,2251.71,135
164507,50231,28.3618,12.7059,12.3483,12.0939,11.91,9.399,1955.77,125
111355,33343,24.9,13.5202,13.0978,12.7558,11.78,9.4,1384.67,130
131691,1.04348e+06,34.0675,17.6172,17.7732,17.659,16.34,9.405,2346.93,190
16235,26246,35.3,12.9416,12.5319,12.2215,14.99,9.406,2510.36,132.5
33446,23028,26.3,11.5827,11.2296,10.9549,11.77,9.407,2615.99,165
133953,16057,42.2281,12.9631,12.5812,12.3067,11.34,9.407,2905.18,115
65649,31302,28.6,13.6991,13.2852,12.9314,12.15,9.409,1616.72,130
47117,26100,42.1,13.7251,13.1171,12.6318,12.19,9.412,2808.21,117.5
138038,32207,20.9,12.2757,11.9835,11.7714,11.11,9.415,1528.26,130
69290,54431,43.5,13.8674,13.3157,12.8217,12.24,9.416,2495.42,135
159520,34325,34.9145,12.807,12.4055,12.1733,,9.422,2404.88,110
165316,52266,33.7853,12.9269,12.5317,12.2117,11.88,9.431,2327.62,115
117881,41839,20.903,12.6426,12.3343,12.172,12.21,9.438,1443.52,122.5
74625,32306,21.4,12.6163,12.4049,12.242,13.59,9.444,1530.97,130
141993,42681,37.3,13.0159,12.5734,12.1959,11.62,9.447,2899.54,152.5
138530,33140,23.8375,12.55,22.816,12.1164,,9.448,1645.09,127.5
141145,39699,24.5131,13.3399,12.8665,12.583,,9.449,1691.48,132.5
43026,50312,30.5,12.5865,12.3549,12.164,11.63,9.453,2129.5,117.5
139281,34908,31.7438,12.8495,12.4519,12.1586,,9.453,2187.94,122.5
30840,39712,30.3866,12.9753,12.5973,12.3118,11.85,9.458,2094.81,127.5
164836,51223,23.5,12.698,12.3287,12.0252,12.05,9.459,1807.16,117.5
157995,29800,26.4,12.6849,12.457,12.2857,,9.464,1583.5,132.5
158972,32774,24,13.76,13.6933,13.6737,12.42,9.466,1792.32,165
138326,32774,24,12.959,12.774,12.5629,12.42,9.466,1709.27,170
16559,30176,34.7145,12.39,11.8992,11.5998,11.85,9.469,2391.2,115
147732,59655,44.3504,13.1183,12.7074,12.4543,,9.47,3049.86,127.5
165162,51953,29.5,12.3945,12.2262,12.0329,,9.472,2192.78,122.5
157560,28617,25,12.2047,12.0386,11.8683,11.68,9.476,1991.74,135
136102,28186,20.6,12.0764,11.8521,11.6679,11.08,9.476,1760.76,127.5
166297,55520,26.3095,12.6152,12.2697,12.0288,11.96,9.48,1814.84,117.5
139090,34478,26.9,12.4685,12.2857,12.1382,,9.481,1750.03,127.5
141118,39592,30.0491,12.8849,12.51,12.1651,,9.483,2071.63,130
169954,43601,35.2,13.9212,13.641,13.3691,11.66,9.485,1895.64,132.5
124302,62149,37,12.7787,12.481,12.265,11.69,9.488,2606.48,137.5
143342,46552,22.3812,12.7799,12.4188,12.1926,,9.488,1545.09,140
1659,44846,23,12.7573,12.5316,12.3593,11.66,9.49,1329.73,155
135051,23522,27.3,12.695,12.3275,12.146,11.36,9.491,2183.62,160
117727,40506,26.1335,14.9686,14.6583,14.5335,14.35,9.492,1802.75,132.5
56347,3.08493e+06,22.8812,15.3464,15.0949,15.0492,15.47,9.494,1579.42,140
129857,5643,36.3,13.2627,12.7195,12.2743,11.95,9.499,2961.95,132.5
146084,54811,42.2769,13.066,12.7508,12.3153,,9.504,2908.51,137.5
135739,25955,22.9,11.9988,11.6178,11.3366,,9.506,2241.63,140
150499,70295,26.5,12.742,12.4496,12.2218,11.48,9.515,1842.7,165
135572,25102,31.6,13.9073,13.4935,13.1176,12.16,9.519,1817.62,130
124483,39972,33.7941,12.8302,12.4331,12.1497,11.95,9.523,2328.22,130
137391,30776,25.721,12.5746,12.2431,11.9742,,9.527,1774.43,127.5
114557,56334,26.6062,12.6233,12.3104,12.1207,10.8,9.527,1835.21,122.5
164860,51270,23.9,12.7824,12.4889,12.2857,11.82,9.527,1696.5,120
154091,4785,30,12.722,12.4167,12.1831,11.26,9.531,2044.1,230
157950,29730,22.4,12.7037,12.4522,12.2714,12,9.536,1468.84,142.5
146484,,26.5675,23.1244,21.91,22.7339,,9.54,1832.56,120
154122,4957,26.2,12.3308,11.9697,11.6838,11.47,9.543,2617.26,220
124480,39922,33.6386,12.5777,12.2028,11.9456,11.83,9.544,2317.59,130
160464,36493,38.4843,12.9582,12.5949,12.3389,11.86,9.547,2649.12,110
157073,25806,25.5,12.2534,11.9589,11.749,11.7,9.565,2129.53,137.5
150340,70098,42.4442,12.4455,12.0981,11.8427,,9.571,2919.91,147.5
158668,31982,21.4,12.2398,11.9812,11.8384,11.89,9.577,1497.98,130
27385,33074,28.6,12.5724,12.2739,12.0055,11.83,9.583,2408,107.5
27381,33071,35.5092,16.2033,16.0347,15.944,15.3,9.587,2445.57,107.5
51348,51620,36.5,13.1034,12.8252,12.6078,11.63,9.587,2404.62,120
63326,58523,41.6863,12.9445,12.5884,12.2935,,9.588,2868.2,120
144953,51340,34.3693,12.7436,12.389,12.1159,11.36,9.589,2367.58,117.5
142306,43147,26.1,12.456,12.1213,11.93,,9.591,2380.61,157.5
156016,18458,38,13.0655,12.6987,12.4288,,9.594,2981.03,185
166863,57799,23.4,16.5681,16.3077,16.1295,11.92,9.595,291.194,122.5
172742,42199,28.2362,12.6932,12.4057,12.1739,11.82,9.601,1947.14,132.5
149977,69349,39.2747,13.2179,12.8236,12.5452,11.93,9.604,2703.2,120
65954,33604,22.6945,12.8965,12.6046,12.3505,12.01,9.604,1566.6,130
136403,29009,44.7,13.6271,13.2866,12.9809,11.72,9.612,2552.88,127.5
133325,12471,41.9,14.0892,13.7322,13.4863,,9.615,1862,175
117685,38749,34.8,12.7435,12.4894,12.2946,,9.617,2253.91,132.5
159919,35376,37.5,12.8899,12.5729,12.3587,11.84,9.619,2634.03,110
146080,54816,26.7,12.1023,12.0541,11.9185,11.32,9.62,2196.97,115
41597,39068,36,12.9085,12.8265,12.4995,,9.62,2645.79,112.5
139899,35955,21.3413,13.041,12.696,12.4376,,9.623,1473.68,180
133120,11552,24.2,11.5348,11.2203,11.0254,11.6,9.626,2891.64,210
146087,54825,31.6802,12.9144,12.441,12.0724,11.7,9.627,2183.6,117.5
148275,61008,44.7584,12.6728,12.3544,12.1043,,9.627,3077.67,162.5
159593,34561,30.6,12.1615,11.8577,11.6819,11.73,9.629,2500.45,107.5
138332,32787,20.7,12.6239,12.3122,12.0775,,9.631,1419.56,132.5
135536,24926,26.0434,13.3476,12.8784,12.5338,11.77,9.635,1796.57,130
94340,49342,39,12.9099,12.5608,12.3404,12.18,9.638,2403.67,132.5
159215,33432,26.1,13.0334,12.7158,12.5185,14.31,9.642,1626.28,130
157495,28424,22,11.5089,11.7769,11.1544,,9.642,1803.43,127.5
144931,51312,44.8553,12.7668,12.3543,12.0623,,9.642,3084.28,107.5
161765,40715,30.6,12.6654,12.4209,12.2239,,9.646,2351.26,132.5
169795,36205,28.4,13.3173,12.9243,12.6164,12.34,9.648,1954.7,125
136622,29472,25.8,13.6165,13.2454,13.151,,9.65,1407.3,160
135527,24884,32.0028,12.4788,12.1253,11.8866,12.42,9.654,2205.67,142.5
135665,25525,37,15.1793,15.1562,15.1165,,9.659,2836.13,147.5
135667,25525,37,11.5167,11.4112,11.187,,9.659,2840.9,150
152614,141134,44.5346,15.5528,15.3326,15.2666,,9.661,3062.42,165
136035,27734,33.6,12.6049,12.2576,11.9259,,9.661,2216.66,135
158901,32605,33.7,12.0521,11.7282,11.5469,11.94,9.665,2759.48,157.5
133146,11648,20.0422,12.469,12.2222,12.0758,,9.665,1384.19,107.5
135591,25237,37.3,12.9692,12.7086,12.5543,11.4,9.675,2540.56,135
10691,25237,37.3,14.8801,14.8337,14.8191,11.4,9.675,2497.66,135
101649,35285,36,12.6522,12.2985,12.045,12.1,9.676,2555.15,117.5
164893,51332,32.3215,13.0433,12.6553,12.3836,12.21,9.676,2227.47,132.5
136037,3.35594e+06,32.0572,18.3907,18.0509,17.9649,17.38,9.678,2209.39,137.5
1604,42453,28.4428,13.02,12.6337,12.3707,11.92,9.681,1961.33,130
144045,49388,27,11.77,11.4628,11.2657,11.27,9.683,2653.73,115
35340,51471,30,12.5545,12.2299,11.9533,11.74,9.686,2712.52,112.5
112063,34415,20.7,12.152,11.794,11.4217,,9.688,929.018,200
142156,42946,35.751,13.0944,12.7349,12.4559,11.68,9.69,2462.12,160
159449,34107,26.9,13.2404,12.9544,12.6811,12.28,9.69,1608.08,130
35509,53089,21,12.2157,11.9346,11.7666,12.05,9.693,1984.2,122.5
158480,31198,29.5414,13.1297,12.7608,12.4946,,9.7,2036.77,147.5
157236,26648,25,12.369,12.0268,11.7099,12.35,9.703,2818.38,115
161308,39184,41.1547,13.0405,12.7358,12.554,12.26,9.707,2831.83,112.5
87608,37616,44.0528,13.1576,12.8102,12.518,12.31,9.711,3029.57,142.5
133807,15179,31,13.0534,12.8385,12.6471,,9.713,2372.53,180
133191,11793,38.2,12.9608,12.7724,12.6376,,9.716,2715.96,165
120018,45836,40.2,13.1185,12.8451,12.6401,12.08,9.719,2603.54,110
129309,5034,37.538,12.8082,12.4558,12.147,,9.723,2584.38,222.5
56434,49112,30.9,12.4523,12.1196,11.9076,11.86,9.727,2627.64,117.5
144923,51286,23.5,13.0147,12.7147,12.5107,11.57,9.733,1621.6,122.5
161174,38802,29.1,12.4703,12.1345,11.8679,11.95,9.734,2517.21,117.5
161911,41317,31.5,12.713,12.3863,12.1043,12.04,9.736,2477.37,135
143841,48749,30.9,12.5918,12.0914,11.9554,12.38,9.739,2560.74,117.5
152034,71868,35,13.4203,13.5021,13.2975,11.35,9.743,2663.56,160
19265,38788,24.7,12.9441,12.4901,12.1117,12.74,9.746,2791.57,110
144998,51431,25.2,12.6938,12.3417,12.0789,,9.749,2080.41,130
27983,47425,29.6,12.979,12.6367,12.4363,12.06,9.754,2099.39,117.5
90215,32434,25.7,12.466,12.5172,12.379,,9.758,1943.89,127.5
142287,43118,26.1,12.255,12.0095,11.817,11.47,9.758,2552.08,160
171451,3.79664e+06,21.1433,14.0195,13.9352,13.816,,9.764,1460.07,160
129407,5161,42.1397,13.1125,12.6473,12.3108,11.89,9.766,2899.16,175
161726,40564,29,11.9796,11.9867,11.7579,11.94,9.767,2204.18,132.5
109303,31311,26.4,13.175,12.9439,12.7798,11.95,9.773,1548.63,130
17113,28939,33.6,13.7808,13.3447,12.9112,12.77,9.773,2209.94,132.5
157026,25498,22.7,13.111,12.7273,12.4546,11.87,9.774,1781.78,162.5
148825,65775,20.8,12.7878,12.4902,12.2495,,9.778,1516.06,125
129813,5581,26.1306,13.6965,13.1869,12.7839,12.53,9.779,1802.56,137.5
67417,40566,23.4,14.3414,13.9594,13.658,12.43,9.779,1199.74,157.5
166521,56413,31,12.7526,12.4342,12.1598,,9.781,2406,127.5
134273,90034,25,13.0368,12.5992,12.2685,12.78,9.792,2221.7,145
146511,56475,29.8,13.7422,13.3433,13.0154,12.38,9.794,1673,107.5
135618,25399,37,13.5284,13.0942,12.7472,12.36,9.801,2623.69,142.5
135692,25690,37,13.0784,12.7864,12.4823,12.09,9.801,2914.44,147.5
155371,11403,32.4,12.8824,12.7277,12.6246,11.78,9.803,2585.42,245
161063,38423,40.2,13.1324,12.8563,12.6394,12.27,9.804,2723.79,112.5
142146,42929,26.1,12.3481,35.2197,11.9797,11.43,9.807,2445.7,157.5
131121,7849,21,12.2699,11.9367,11.7222,11.39,9.813,1991.53,205
66615,40030,29.4871,12.7817,12.4867,12.3029,12.21,9.814,2033.04,135
89308,49598,42.2589,12.612,12.2506,11.9822,12.17,9.826,2907.28,107.5
165750,53178,24.2668,13.0878,12.7301,12.4784,12.31,9.831,1674.57,117.5
99635,,31.5152,17.6984,17.8421,17.8033,,9.831,2172.3,157.5
159637,34711,30,13.2631,12.8255,12.4661,12.77,9.847,2578.09,145
121129,55501,27.2087,12.8635,12.5194,12.3002,,9.856,1876.59,125
161252,39034,38.3845,12.9826,12.5925,12.3961,12.24,9.863,2642.3,142.5
162547,43837,35.2,12.0721,11.822,11.5975,12.2,9.865,2837.67,142.5
163650,47598,43.0197,12.882,12.5039,12.242,12.39,9.866,2959.15,110
46967,26781,33.8779,13.2862,12.9887,12.7608,12.17,9.871,2333.96,147.5
147869,59971,22.866,13.2217,12.9145,12.6721,,9.875,1578.38,135
30832,39687,36.807,13.2545,12.9265,12.6909,12.22,9.875,2534.36,135
14409,44017,23.1,12.2077,11.8128,11.4954,12.53,9.881,2788.02,140
141200,39886,31.5,13.6494,13.1421,12.7274,12.56,9.883,2637.59,145
141152,39719,31.2832,12.9841,12.659,12.3933,12.44,9.884,2156.38,130
135852,26501,25,13.022,12.5897,12.2672,11.99,9.888,1747.46,130
145708,53402,38.2,14.0728,13.6908,13.4252,13.98,9.89,2439.53,120
169827,38168,35.6269,13.0235,12.6773,12.4377,12.36,9.895,2453.62,122.5
104439,46744,40.2,13.3725,13.0444,12.7944,12.21,9.897,2801.72,105
156022,136100,36.734,12.3673,11.9203,11.8457,,9.9,2529.37,225
76844,26498,21.9,12.9245,12.6592,12.3792,12.26,9.902,1870.44,165
135851,26498,21.9,12.9246,12.6668,12.4245,12.26,9.902,1869.34,165
155274,10942,42.1994,12.9474,12.6402,12.4081,11.86,9.907,2903.22,147.5
158784,32287,26.1,12.9084,12.5944,12.3781,12.16,9.909,1837.68,130
69351,55104,32.2,12.8925,12.508,12.2083,12.47,9.914,2602.11,142.5
161007,38238,36.9644,13.3576,12.9964,12.6778,,9.916,2545.13,125
67524,42427,29.9135,13.1563,12.8264,12.6478,12.32,9.918,2062.33,132.5
19349,40500,24,12.7873,12.4007,12.1485,12.4,9.92,1704.94,177.5
48827,1.3822e+06,37.2397,17.0872,17.0598,16.9194,16.75,9.925,2563.97,125
109227,30670,26.4,14.2352,13.7282,13.346,,9.929,1557.65,130
164896,51344,23.1,12.4789,12.2513,12.1111,11.99,9.935,1759.27,122.5
140038,36215,22.9021,13.1005,12.7859,12.548,11.83,9.943,1580.86,182.5
160627,36979,22.5,12.7174,12.4523,12.2186,12.51,9.944,1949.56,140
138144,32424,25.7,12.741,12.695,12.5864,,9.944,1887.34,127.5
150493,70287,44.2238,13.1326,12.912,12.7228,,9.949,3041.23,160
148419,90302,38.6945,13.0521,12.8331,12.7686,14.74,9.951,2663.5,165
136546,29327,44.1472,13.4067,13.0289,12.7356,,9.955,3036.01,117.5
20725,58115,36,13.1556,12.9118,12.714,12.13,9.962,2430.82,122.5
143986,49275,32.7112,13.2299,12.8722,12.6272,12.37,9.963,2254.14,120
69128,52307,38.9,13.9123,13.5021,13.1833,12.34,9.963,2332.14,120
164654,50728,30.5,13.1185,12.8051,12.5026,12.11,9.964,2096.6,117.5
1578,42847,36.5,12.7948,12.5005,12.3613,12.24,9.964,2668.56,142.5
162048,41838,24.7,12.0295,11.7718,11.6055,12.2,9.967,2855.56,112.5
151965,71784,29.5143,13.3186,12.9394,12.6388,12,9.97,2034.91,145
164201,49464,30.9,13.1264,12.8189,12.6257,12.17,9.979,2185.91,117.5
166280,55482,25.5,13.2887,13.1063,12.8865,,9.981,1933.08,132.5
